{
  "cipher": "ascon",
  "model": "cnn",
  "rounds": 1,
  "bitwise_accuracy": 0.5225763337742504,
  "hamming_distance": 30.55511463844797,
  "block_bits": 64,
  "train_time_s": 4.31
}