{
  "cipher": "ascon",
  "model": "mine",
  "rounds": 3,
  "bitwise_accuracy": 0.6253100198412699,
  "hamming_distance": 23.98015873015873,
  "block_bits": 64,
  "train_time_s": 1.12
}