{
  "1": {
    "bitwise_accuracy": 0.7406167328042328,
    "hamming_distance": 16.6005291005291,
    "block_bits": 64,
    "train_time_s": 1.17
  },
  "2": {
    "bitwise_accuracy": 0.6686301256613757,
    "hamming_distance": 21.20767195767196,
    "block_bits": 64,
    "train_time_s": 1.07
  },
  "3": {
    "bitwise_accuracy": 0.6253100198412699,
    "hamming_distance": 23.98015873015873,
    "block_bits": 64,
    "train_time_s": 1.12
  },
  "4": {
    "bitwise_accuracy": 0.5747767857142857,
    "hamming_distance": 27.214285714285715,
    "block_bits": 64,
    "train_time_s": 1.06
  },
  "5": {
    "bitwise_accuracy": 0.5161210317460317,
    "hamming_distance": 30.96825396825397,
    "block_bits": 64,
    "train_time_s": 1.14
  }
}