{
  "cipher": "ascon",
  "model": "cnn",
  "rounds": 3,
  "bitwise_accuracy": 0.5201444003527337,
  "hamming_distance": 30.710758377425044,
  "block_bits": 64,
  "train_time_s": 4.2
}