{
  "1": {
    "bitwise_accuracy": 0.5200424382716049,
    "hamming_distance": 30.717283950617283,
    "word_accuracy": 0.0,
    "block_bits": 64,
    "train_time_s": 6.75
  },
  "2": {
    "bitwise_accuracy": 0.5013503086419753,
    "hamming_distance": 31.91358024691358,
    "word_accuracy": 0.0,
    "block_bits": 64,
    "train_time_s": 6.87
  },
  "3": {
    "bitwise_accuracy": 0.5052469135802469,
    "hamming_distance": 31.664197530864197,
    "word_accuracy": 0.0,
    "block_bits": 64,
    "train_time_s": 6.86
  },
  "4": {
    "bitwise_accuracy": 0.49972993827160495,
    "hamming_distance": 32.01728395061728,
    "word_accuracy": 0.0,
    "block_bits": 64,
    "train_time_s": 6.62
  },
  "5": {
    "bitwise_accuracy": 0.5010898919753086,
    "hamming_distance": 31.93024691358025,
    "word_accuracy": 0.0,
    "block_bits": 64,
    "train_time_s": 6.8
  }
}