{
  "1": {
    "bitwise_accuracy": 0.8256558641975309,
    "hamming_distance": 11.158024691358024,
    "word_accuracy": 0.0,
    "block_bits": 64,
    "train_time_s": 3.0
  },
  "2": {
    "bitwise_accuracy": 0.7318769290123457,
    "hamming_distance": 17.159876543209876,
    "word_accuracy": 0.0,
    "block_bits": 64,
    "train_time_s": 3.22
  },
  "3": {
    "bitwise_accuracy": 0.6578221450617284,
    "hamming_distance": 21.899382716049384,
    "word_accuracy": 0.0,
    "block_bits": 64,
    "train_time_s": 2.92
  },
  "4": {
    "bitwise_accuracy": 0.578173225308642,
    "hamming_distance": 26.996913580246915,
    "word_accuracy": 0.0,
    "block_bits": 64,
    "train_time_s": 3.21
  },
  "5": {
    "bitwise_accuracy": 0.5084104938271605,
    "hamming_distance": 31.46172839506173,
    "word_accuracy": 0.0,
    "block_bits": 64,
    "train_time_s": 3.1
  }
}