{
  "cipher": "chacha20",
  "model": "mlp",
  "rounds": 3,
  "bitwise_accuracy": 0.6555748456790124,
  "hamming_distance": 22.04320987654321,
  "word_accuracy": 0.0,
  "block_bits": 64,
  "train_time_s": 131.56
}