{
  "1": {
    "bitwise_accuracy": 0.9614776234567901,
    "hamming_distance": 2.465432098765432,
    "word_accuracy": 0.11481481481481481,
    "block_bits": 64,
    "train_time_s": 371.84
  },
  "2": {
    "bitwise_accuracy": 0.7338155864197531,
    "hamming_distance": 17.035802469135803,
    "word_accuracy": 0.0,
    "block_bits": 64,
    "train_time_s": 159.39
  },
  "3": {
    "bitwise_accuracy": 0.6555748456790124,
    "hamming_distance": 22.04320987654321,
    "word_accuracy": 0.0,
    "block_bits": 64,
    "train_time_s": 131.56
  },
  "4": {
    "bitwise_accuracy": 0.5771412037037037,
    "hamming_distance": 27.062962962962963,
    "word_accuracy": 0.0,
    "block_bits": 64,
    "train_time_s": 139.97
  },
  "5": {
    "bitwise_accuracy": 0.5092881944444444,
    "hamming_distance": 31.405555555555555,
    "word_accuracy": 0.0,
    "block_bits": 64,
    "train_time_s": 143.83
  }
}