{
  "cipher": "gift",
  "model": "mine",
  "rounds": 4,
  "bitwise_accuracy": 0.5625562628600823,
  "hamming_distance": 27.996399176954732,
  "block_bits": 64,
  "train_time_s": 0.79
}