{
  "1": {
    "bitwise_accuracy": 0.806616512345679,
    "hamming_distance": 12.376543209876543,
    "block_bits": 64,
    "train_time_s": 2.55
  },
  "2": {
    "bitwise_accuracy": 0.7325826260288066,
    "hamming_distance": 17.11471193415638,
    "block_bits": 64,
    "train_time_s": 2.48
  },
  "3": {
    "bitwise_accuracy": 0.6576726466049383,
    "hamming_distance": 21.90895061728395,
    "block_bits": 64,
    "train_time_s": 2.37
  },
  "4": {
    "bitwise_accuracy": 0.5795315715020576,
    "hamming_distance": 26.90997942386831,
    "block_bits": 64,
    "train_time_s": 2.37
  },
  "5": {
    "bitwise_accuracy": 0.5073141718106996,
    "hamming_distance": 31.531893004115226,
    "block_bits": 64,
    "train_time_s": 2.54
  }
}