{
  "cipher": "gift",
  "model": "mine",
  "rounds": 3,
  "bitwise_accuracy": 0.6136107896090535,
  "hamming_distance": 24.728909465020575,
  "block_bits": 64,
  "train_time_s": 0.71
}