{
  "cipher": "gift",
  "model": "cnn",
  "rounds": 3,
  "bitwise_accuracy": 0.5161795910493827,
  "hamming_distance": 30.964506172839506,
  "block_bits": 64,
  "train_time_s": 3.19
}