{
  "1": {
    "bitwise_accuracy": 0.5364790013227513,
    "hamming_distance": 29.665343915343914,
    "word_accuracy": 0.0,
    "block_bits": 64,
    "train_time_s": 3.23
  },
  "2": {
    "bitwise_accuracy": 0.5198963844797179,
    "hamming_distance": 30.72663139329806,
    "word_accuracy": 0.0,
    "block_bits": 64,
    "train_time_s": 3.54
  },
  "3": {
    "bitwise_accuracy": 0.5112089395943563,
    "hamming_distance": 31.2826278659612,
    "word_accuracy": 0.0,
    "block_bits": 64,
    "train_time_s": 3.16
  },
  "4": {
    "bitwise_accuracy": 0.5030313051146384,
    "hamming_distance": 31.80599647266314,
    "word_accuracy": 0.0,
    "block_bits": 64,
    "train_time_s": 3.54
  },
  "5": {
    "bitwise_accuracy": 0.4993868496472663,
    "hamming_distance": 32.039241622574956,
    "word_accuracy": 0.0,
    "block_bits": 64,
    "train_time_s": 3.63
  }
}