{
  "1": {
    "bitwise_accuracy": 0.6940379739858906,
    "hamming_distance": 19.581569664902997,
    "word_accuracy": 0.0,
    "block_bits": 64,
    "train_time_s": 0.99
  },
  "2": {
    "bitwise_accuracy": 0.6593295304232805,
    "hamming_distance": 21.802910052910054,
    "word_accuracy": 0.0,
    "block_bits": 64,
    "train_time_s": 1.06
  },
  "3": {
    "bitwise_accuracy": 0.5925099206349206,
    "hamming_distance": 26.07936507936508,
    "word_accuracy": 0.0,
    "block_bits": 64,
    "train_time_s": 0.81
  },
  "4": {
    "bitwise_accuracy": 0.5643050044091711,
    "hamming_distance": 27.88447971781305,
    "word_accuracy": 0.0,
    "block_bits": 64,
    "train_time_s": 0.78
  },
  "5": {
    "bitwise_accuracy": 0.49954530423280424,
    "hamming_distance": 32.02910052910053,
    "word_accuracy": 0.0,
    "block_bits": 64,
    "train_time_s": 0.83
  }
}