{
  "cipher": "grain128a",
  "model": "logistic",
  "rounds": 1,
  "bitwise_accuracy": 0.8132876800411523,
  "hamming_distance": 11.949588477366255,
  "block_bits": 64,
  "train_time_s": 2.35
}