{
  "cipher": "grain128a",
  "model": "logistic",
  "rounds": 80,
  "bitwise_accuracy": 0.5013583461934157,
  "hamming_distance": 31.9130658436214,
  "block_bits": 64,
  "train_time_s": 9.15
}