{
  "cipher": "grain128a",
  "model": "random_forest",
  "rounds": 5,
  "bitwise_accuracy": 0.5108908822016461,
  "hamming_distance": 31.30298353909465,
  "block_bits": 64,
  "train_time_s": 3.03
}