{
  "cipher": "grain128a",
  "model": "logistic",
  "rounds": 5,
  "bitwise_accuracy": 0.5085841049382716,
  "hamming_distance": 31.450617283950617,
  "block_bits": 64,
  "train_time_s": 3.08
}