{
  "cipher": "grain128a",
  "model": "random_forest",
  "rounds": 20,
  "bitwise_accuracy": 0.8273292824074074,
  "hamming_distance": 11.050925925925926,
  "block_bits": 64,
  "train_time_s": 3.3
}