{
  "cipher": "grain128a",
  "model": "cnn",
  "rounds": 1,
  "bitwise_accuracy": 0.5102318029835391,
  "hamming_distance": 31.345164609053498,
  "block_bits": 64,
  "train_time_s": 4.13
}