{
  "cipher": "grain128a",
  "model": "mine",
  "rounds": 1,
  "bitwise_accuracy": 0.6926681455761317,
  "hamming_distance": 19.66923868312757,
  "block_bits": 64,
  "train_time_s": 0.92
}