{
  "cipher": "grain128a",
  "model": "random_forest",
  "rounds": 80,
  "bitwise_accuracy": 0.5009966563786008,
  "hamming_distance": 31.93621399176955,
  "block_bits": 64,
  "train_time_s": 3.48
}