{
  "1": {
    "bitwise_accuracy": 0.6926681455761317,
    "hamming_distance": 19.66923868312757,
    "block_bits": 64,
    "train_time_s": 0.92
  },
  "2": {
    "bitwise_accuracy": 0.65747170781893,
    "hamming_distance": 21.921810699588477,
    "block_bits": 64,
    "train_time_s": 1.05
  },
  "3": {
    "bitwise_accuracy": 0.6136911651234568,
    "hamming_distance": 24.723765432098766,
    "block_bits": 64,
    "train_time_s": 0.97
  },
  "4": {
    "bitwise_accuracy": 0.5588991769547325,
    "hamming_distance": 28.23045267489712,
    "block_bits": 64,
    "train_time_s": 0.9
  },
  "5": {
    "bitwise_accuracy": 0.5061326517489712,
    "hamming_distance": 31.607510288065843,
    "block_bits": 64,
    "train_time_s": 1.02
  }
}