{
  "cipher": "grain128a",
  "model": "logistic",
  "rounds": 3,
  "bitwise_accuracy": 0.6544335133744856,
  "hamming_distance": 22.116255144032923,
  "block_bits": 64,
  "train_time_s": 2.92
}