{
  "cipher": "grain128a",
  "model": "cnn",
  "rounds": 2,
  "bitwise_accuracy": 0.5247154706790124,
  "hamming_distance": 30.41820987654321,
  "block_bits": 64,
  "train_time_s": 3.71
}