{
  "cipher": "grain128a",
  "model": "logistic",
  "rounds": 4,
  "bitwise_accuracy": 0.5790734310699589,
  "hamming_distance": 26.939300411522634,
  "block_bits": 64,
  "train_time_s": 3.04
}