{
  "cipher": "grain128a",
  "model": "mlp",
  "rounds": 40,
  "bitwise_accuracy": 0.6885368441358025,
  "hamming_distance": 19.933641975308642,
  "block_bits": 64,
  "train_time_s": 38.43
}