{
  "cipher": "grain128a",
  "model": "random_forest",
  "rounds": 1,
  "bitwise_accuracy": 0.8026700745884774,
  "hamming_distance": 12.629115226337449,
  "block_bits": 64,
  "train_time_s": 2.44
}