{
  "cipher": "grain128a",
  "model": "mine",
  "rounds": 3,
  "bitwise_accuracy": 0.6136911651234568,
  "hamming_distance": 24.723765432098766,
  "block_bits": 64,
  "train_time_s": 0.97
}