{
  "cipher": "led",
  "model": "cnn",
  "rounds": 4,
  "bitwise_accuracy": 0.5048546810699589,
  "hamming_distance": 31.689300411522634,
  "block_bits": 64,
  "train_time_s": 4.39
}