{
  "cipher": "led",
  "model": "cnn",
  "rounds": 3,
  "bitwise_accuracy": 0.5159223894032922,
  "hamming_distance": 30.980967078189302,
  "block_bits": 64,
  "train_time_s": 4.59
}