{
  "cipher": "led",
  "model": "mine",
  "rounds": 3,
  "bitwise_accuracy": 0.5914271476337448,
  "hamming_distance": 26.148662551440328,
  "block_bits": 64,
  "train_time_s": 1.91
}