{
  "1": {
    "bitwise_accuracy": 0.7321244855967078,
    "hamming_distance": 17.144032921810698,
    "block_bits": 64,
    "train_time_s": 3.16
  },
  "2": {
    "bitwise_accuracy": 0.680443029835391,
    "hamming_distance": 20.45164609053498,
    "block_bits": 64,
    "train_time_s": 3.22
  },
  "3": {
    "bitwise_accuracy": 0.6248955118312757,
    "hamming_distance": 24.006687242798353,
    "block_bits": 64,
    "train_time_s": 3.51
  },
  "4": {
    "bitwise_accuracy": 0.5681664737654321,
    "hamming_distance": 27.637345679012345,
    "block_bits": 64,
    "train_time_s": 3.15
  },
  "5": {
    "bitwise_accuracy": 0.5149980709876543,
    "hamming_distance": 31.040123456790123,
    "block_bits": 64,
    "train_time_s": 3.37
  }
}