{
  "1": {
    "bitwise_accuracy": 0.7353716563786008,
    "hamming_distance": 16.93621399176955,
    "block_bits": 64,
    "train_time_s": 3.22
  },
  "2": {
    "bitwise_accuracy": 0.6808449074074074,
    "hamming_distance": 20.425925925925927,
    "block_bits": 64,
    "train_time_s": 3.28
  },
  "3": {
    "bitwise_accuracy": 0.6264467592592593,
    "hamming_distance": 23.90740740740741,
    "block_bits": 64,
    "train_time_s": 3.75
  },
  "4": {
    "bitwise_accuracy": 0.5698623971193416,
    "hamming_distance": 27.52880658436214,
    "block_bits": 64,
    "train_time_s": 3.57
  },
  "5": {
    "bitwise_accuracy": 0.515649112654321,
    "hamming_distance": 30.998456790123456,
    "block_bits": 64,
    "train_time_s": 3.57
  }
}