{
  "cipher": "led",
  "model": "logistic",
  "rounds": 2,
  "bitwise_accuracy": 0.6808449074074074,
  "hamming_distance": 20.425925925925927,
  "block_bits": 64,
  "train_time_s": 3.28
}