{
  "cipher": "led",
  "model": "cnn",
  "rounds": 2,
  "bitwise_accuracy": 0.5092592592592593,
  "hamming_distance": 31.40740740740741,
  "block_bits": 64,
  "train_time_s": 4.43
}