{
  "1": {
    "bitwise_accuracy": 0.6577128343621399,
    "hamming_distance": 21.906378600823047,
    "block_bits": 64,
    "train_time_s": 1.49
  },
  "2": {
    "bitwise_accuracy": 0.6257233796296297,
    "hamming_distance": 23.953703703703702,
    "block_bits": 64,
    "train_time_s": 1.41
  },
  "3": {
    "bitwise_accuracy": 0.5914271476337448,
    "hamming_distance": 26.148662551440328,
    "block_bits": 64,
    "train_time_s": 1.91
  },
  "4": {
    "bitwise_accuracy": 0.5559654706790124,
    "hamming_distance": 28.41820987654321,
    "block_bits": 64,
    "train_time_s": 1.27
  },
  "5": {
    "bitwise_accuracy": 0.5139290766460906,
    "hamming_distance": 31.108539094650205,
    "block_bits": 64,
    "train_time_s": 1.33
  }
}