{
  "1": {
    "bitwise_accuracy": 0.7112188143004116,
    "hamming_distance": 18.481995884773664,
    "word_accuracy": 0.0,
    "block_bits": 64,
    "train_time_s": 1.27
  },
  "2": {
    "bitwise_accuracy": 0.6671971450617284,
    "hamming_distance": 21.299382716049383,
    "word_accuracy": 0.0,
    "block_bits": 64,
    "train_time_s": 1.5
  },
  "3": {
    "bitwise_accuracy": 0.6238827803497943,
    "hamming_distance": 24.07150205761317,
    "word_accuracy": 0.0,
    "block_bits": 64,
    "train_time_s": 1.33
  },
  "4": {
    "bitwise_accuracy": 0.5638342335390947,
    "hamming_distance": 27.91460905349794,
    "word_accuracy": 0.0,
    "block_bits": 64,
    "train_time_s": 1.31
  },
  "5": {
    "bitwise_accuracy": 0.49973476080246915,
    "hamming_distance": 32.016975308641975,
    "word_accuracy": 0.0,
    "block_bits": 64,
    "train_time_s": 1.23
  }
}