{
  "1": {
    "bitwise_accuracy": 0.8455182613168725,
    "hamming_distance": 9.886831275720164,
    "word_accuracy": 0.0,
    "block_bits": 64,
    "train_time_s": 2.99
  },
  "2": {
    "bitwise_accuracy": 0.7560201260288066,
    "hamming_distance": 15.614711934156379,
    "word_accuracy": 0.0,
    "block_bits": 64,
    "train_time_s": 3.33
  },
  "3": {
    "bitwise_accuracy": 0.6729118441358025,
    "hamming_distance": 20.933641975308642,
    "word_accuracy": 0.0,
    "block_bits": 64,
    "train_time_s": 3.34
  },
  "4": {
    "bitwise_accuracy": 0.5874083719135802,
    "hamming_distance": 26.405864197530864,
    "word_accuracy": 0.0,
    "block_bits": 64,
    "train_time_s": 3.33
  },
  "5": {
    "bitwise_accuracy": 0.49968653549382713,
    "hamming_distance": 32.02006172839506,
    "word_accuracy": 0.0,
    "block_bits": 64,
    "train_time_s": 3.6
  }
}