{
  "cipher": "present",
  "model": "mlp",
  "rounds": 1,
  "bitwise_accuracy": 0.9640359760802469,
  "hamming_distance": 2.3016975308641974,
  "word_accuracy": 0.05555555555555555,
  "block_bits": 64,
  "train_time_s": 137.84
}