{
  "cipher": "prince",
  "model": "cnn",
  "rounds": 1,
  "bitwise_accuracy": 0.5279431216931217,
  "hamming_distance": 30.211640211640212,
  "block_bits": 64,
  "train_time_s": 4.84
}