{
  "cipher": "prince",
  "model": "mine",
  "rounds": 3,
  "bitwise_accuracy": 0.6018174052028219,
  "hamming_distance": 25.483686067019402,
  "block_bits": 64,
  "train_time_s": 1.49
}