{
  "cipher": "prince",
  "model": "mine",
  "rounds": 2,
  "bitwise_accuracy": 0.6353271053791887,
  "hamming_distance": 23.33906525573192,
  "block_bits": 64,
  "train_time_s": 1.42
}