{
  "cipher": "prince",
  "model": "cnn",
  "rounds": 3,
  "bitwise_accuracy": 0.5193796847442681,
  "hamming_distance": 30.75970017636684,
  "block_bits": 64,
  "train_time_s": 4.99
}