{
  "cipher": "prince",
  "model": "cnn",
  "rounds": 2,
  "bitwise_accuracy": 0.5198343805114638,
  "hamming_distance": 30.730599647266313,
  "block_bits": 64,
  "train_time_s": 5.25
}