{
  "cipher": "rectangle",
  "model": "mine",
  "rounds": 5,
  "bitwise_accuracy": 0.5133262602880658,
  "hamming_distance": 31.147119341563787,
  "block_bits": 64,
  "train_time_s": 2.18
}