{
  "cipher": "rectangle",
  "model": "cnn",
  "rounds": 1,
  "bitwise_accuracy": 0.5306793338477366,
  "hamming_distance": 30.036522633744855,
  "block_bits": 64,
  "train_time_s": 6.38
}