{
  "1": {
    "bitwise_accuracy": 0.5306793338477366,
    "hamming_distance": 30.036522633744855,
    "block_bits": 64,
    "train_time_s": 6.38
  },
  "2": {
    "bitwise_accuracy": 0.5160911779835391,
    "hamming_distance": 30.970164609053498,
    "block_bits": 64,
    "train_time_s": 6.2
  },
  "3": {
    "bitwise_accuracy": 0.5067515432098766,
    "hamming_distance": 31.567901234567902,
    "block_bits": 64,
    "train_time_s": 6.24
  },
  "4": {
    "bitwise_accuracy": 0.5034320344650206,
    "hamming_distance": 31.780349794238685,
    "block_bits": 64,
    "train_time_s": 5.91
  },
  "5": {
    "bitwise_accuracy": 0.5029578189300411,
    "hamming_distance": 31.810699588477366,
    "block_bits": 64,
    "train_time_s": 6.35
  }
}