{
  "cipher": "rectangle",
  "model": "cnn",
  "rounds": 3,
  "bitwise_accuracy": 0.5067515432098766,
  "hamming_distance": 31.567901234567902,
  "block_bits": 64,
  "train_time_s": 6.24
}