{
  "cipher": "salsa20",
  "model": "cnn",
  "rounds": 4,
  "bitwise_accuracy": 0.5072723765432099,
  "hamming_distance": 31.534567901234567,
  "block_bits": 64,
  "train_time_s": 5.71
}