{
  "cipher": "salsa20",
  "model": "cnn",
  "rounds": 3,
  "bitwise_accuracy": 0.5098476080246913,
  "hamming_distance": 31.369753086419752,
  "block_bits": 64,
  "train_time_s": 5.56
}