{
  "cipher": "salsa20",
  "model": "cnn",
  "rounds": 2,
  "bitwise_accuracy": 0.5154899691358025,
  "hamming_distance": 31.00864197530864,
  "block_bits": 64,
  "train_time_s": 5.17
}