{
  "cipher": "salsa20",
  "model": "mine",
  "rounds": 3,
  "bitwise_accuracy": 0.5867862654320988,
  "hamming_distance": 26.44567901234568,
  "block_bits": 64,
  "train_time_s": 2.01
}