{
  "1": {
    "bitwise_accuracy": 0.8429270833333333,
    "hamming_distance": 5.0263333333333335,
    "word_accuracy": 0.0013333333333333333,
    "block_bits": 32,
    "train_time_s": 6.31
  },
  "2": {
    "bitwise_accuracy": 0.5943645833333333,
    "hamming_distance": 12.980333333333334,
    "word_accuracy": 0.0,
    "block_bits": 32,
    "train_time_s": 3.93
  },
  "3": {
    "bitwise_accuracy": 0.56040625,
    "hamming_distance": 14.067,
    "word_accuracy": 0.0,
    "block_bits": 32,
    "train_time_s": 4.23
  },
  "4": {
    "bitwise_accuracy": 0.546421875,
    "hamming_distance": 14.5145,
    "word_accuracy": 0.0,
    "block_bits": 32,
    "train_time_s": 3.32
  },
  "5": {
    "bitwise_accuracy": 0.530921875,
    "hamming_distance": 15.0105,
    "word_accuracy": 0.0,
    "block_bits": 32,
    "train_time_s": 3.5
  }
}