{
  "cipher": "skinny",
  "model": "cnn",
  "rounds": 5,
  "bitwise_accuracy": 0.5015994727366255,
  "hamming_distance": 31.897633744855966,
  "block_bits": 64,
  "train_time_s": 4.33
}