{
  "1": {
    "bitwise_accuracy": 0.5128359696502057,
    "hamming_distance": 31.17849794238683,
    "block_bits": 64,
    "train_time_s": 4.68
  },
  "2": {
    "bitwise_accuracy": 0.5202385545267489,
    "hamming_distance": 30.704732510288064,
    "block_bits": 64,
    "train_time_s": 4.74
  },
  "3": {
    "bitwise_accuracy": 0.5081500771604939,
    "hamming_distance": 31.478395061728396,
    "block_bits": 64,
    "train_time_s": 4.86
  },
  "4": {
    "bitwise_accuracy": 0.500538515946502,
    "hamming_distance": 31.965534979423868,
    "block_bits": 64,
    "train_time_s": 4.43
  },
  "5": {
    "bitwise_accuracy": 0.5015994727366255,
    "hamming_distance": 31.897633744855966,
    "block_bits": 64,
    "train_time_s": 4.33
  }
}