{
  "cipher": "skinny",
  "model": "cnn",
  "rounds": 3,
  "bitwise_accuracy": 0.5081500771604939,
  "hamming_distance": 31.478395061728396,
  "block_bits": 64,
  "train_time_s": 4.86
}