{
  "cipher": "skinny",
  "model": "cnn",
  "rounds": 1,
  "bitwise_accuracy": 0.5128359696502057,
  "hamming_distance": 31.17849794238683,
  "block_bits": 64,
  "train_time_s": 4.68
}