{
  "cipher": "skinny",
  "model": "cnn",
  "rounds": 4,
  "bitwise_accuracy": 0.500538515946502,
  "hamming_distance": 31.965534979423868,
  "block_bits": 64,
  "train_time_s": 4.43
}