{
  "cipher": "skinny",
  "model": "mine",
  "rounds": 3,
  "bitwise_accuracy": 0.5910976080246914,
  "hamming_distance": 26.169753086419753,
  "block_bits": 64,
  "train_time_s": 1.23
}