{
  "cipher": "speck",
  "model": "mlp",
  "rounds": 5,
  "bitwise_accuracy": 0.49909270833333336,
  "hamming_distance": 16.029033333333334,
  "word_accuracy": 0.0,
  "block_bits": 32,
  "train_time_s": 119.76
}