{
  "1": {
    "bitwise_accuracy": 0.5604906121399177,
    "hamming_distance": 28.128600823045268,
    "word_accuracy": 0.0,
    "block_bits": 64,
    "train_time_s": 1.21
  },
  "2": {
    "bitwise_accuracy": 0.5355902777777778,
    "hamming_distance": 29.72222222222222,
    "word_accuracy": 0.0,
    "block_bits": 64,
    "train_time_s": 1.06
  },
  "3": {
    "bitwise_accuracy": 0.521436149691358,
    "hamming_distance": 30.628086419753085,
    "word_accuracy": 0.0,
    "block_bits": 64,
    "train_time_s": 1.08
  },
  "4": {
    "bitwise_accuracy": 0.5082786779835391,
    "hamming_distance": 31.470164609053498,
    "word_accuracy": 0.0,
    "block_bits": 64,
    "train_time_s": 1.31
  },
  "5": {
    "bitwise_accuracy": 0.5007394547325102,
    "hamming_distance": 31.95267489711934,
    "word_accuracy": 0.0,
    "block_bits": 64,
    "train_time_s": 1.89
  }
}