{
  "1": {
    "bitwise_accuracy": 0.7816116898148148,
    "hamming_distance": 13.976851851851851,
    "word_accuracy": 0.0,
    "block_bits": 64,
    "train_time_s": 0.63
  },
  "2": {
    "bitwise_accuracy": 0.7189429012345679,
    "hamming_distance": 17.987654320987655,
    "word_accuracy": 0.0,
    "block_bits": 64,
    "train_time_s": 0.59
  },
  "3": {
    "bitwise_accuracy": 0.6578173225308642,
    "hamming_distance": 21.89969135802469,
    "word_accuracy": 0.0,
    "block_bits": 64,
    "train_time_s": 0.54
  },
  "4": {
    "bitwise_accuracy": 0.5948189943415638,
    "hamming_distance": 25.93158436213992,
    "word_accuracy": 0.0,
    "block_bits": 64,
    "train_time_s": 0.48
  },
  "5": {
    "bitwise_accuracy": 0.5169110082304527,
    "hamming_distance": 30.91769547325103,
    "word_accuracy": 0.0,
    "block_bits": 64,
    "train_time_s": 0.44
  }
}