{
  "1": {
    "bitwise_accuracy": 0.7685736331569665,
    "hamming_distance": 14.811287477954144,
    "word_accuracy": 0.0,
    "block_bits": 64,
    "train_time_s": 0.91
  },
  "2": {
    "bitwise_accuracy": 0.7120535714285714,
    "hamming_distance": 18.428571428571427,
    "word_accuracy": 0.0,
    "block_bits": 64,
    "train_time_s": 1.04
  },
  "3": {
    "bitwise_accuracy": 0.6165536816578483,
    "hamming_distance": 24.540564373897706,
    "word_accuracy": 0.0,
    "block_bits": 64,
    "train_time_s": 0.87
  },
  "4": {
    "bitwise_accuracy": 0.5600542879188712,
    "hamming_distance": 28.15652557319224,
    "word_accuracy": 0.0,
    "block_bits": 64,
    "train_time_s": 0.9
  },
  "5": {
    "bitwise_accuracy": 0.5007233796296297,
    "hamming_distance": 31.953703703703702,
    "word_accuracy": 0.0,
    "block_bits": 64,
    "train_time_s": 0.86
  }
}